<?xml version="1.0" encoding="UTF-8"?>
<con:soapui-project id="6b8a5fa2-7155-4495-a0bc-242120fd77fd" activeEnvironment="Default" name="POC - CustomerSelfEmpowered" resourceRoot="${projectDir}" soapui-version="5.2.0" abortOnError="false" runType="SEQUENTIAL" xmlns:con="http://eviware.com/soapui/config"><con:settings/><con:interface xsi:type="con:WsdlInterface" id="f270b3ee-ae9c-4871-890a-d5e34d3014a2" wsaVersion="NONE" name="CustomerSelfEmpoweredSOAP" type="wsdl" bindingName="{http://www.gvt.com.br/CustomerManagement/CustomerSelfManagement/CustomerSelfEmpowered/CustomerSelfEmpowered/}CustomerSelfEmpoweredSOAP" soapVersion="1_1" anonymous="optional" definition="http://10.41.252.53:8888/CustomerManagement/CustomerSelfManagement/CustomerSelfEmpowered/CustomerSelfEmpowered?wsdl" xmlns:xsi="http://www.w3.org/2001/XMLSchema-instance"><con:settings/><con:definitionCache type="TEXT" rootPart="http://10.41.252.53:8888/CustomerManagement/CustomerSelfManagement/CustomerSelfEmpowered/CustomerSelfEmpowered?wsdl"><con:part><con:url>http://10.41.252.53:8888/CustomerManagement/CustomerSelfManagement/CustomerSelfEmpowered/CustomerSelfEmpowered?wsdl</con:url><con:content><![CDATA[<WL5G3N0:definitions name="CustomerSelfEmpowered" targetNamespace="http://www.gvt.com.br/CustomerManagement/CustomerSelfManagement/CustomerSelfEmpowered/CustomerSelfEmpowered/" xmlns:WL5G3N0="http://schemas.xmlsoap.org/wsdl/" xmlns:WL5G3N1="http://www.gvt.com.br/GvtCommonEntities" xmlns:WL5G3N2="http://www.gvt.com.br/CustomerManagement/CustomerSelfManagement/CustomerSelfEmpowered/CustomerSelfEmpowered/" xmlns:WL5G3N3="http://schemas.xmlsoap.org/wsdl/soap/">
  <WL5G3N0:types>
    <xsd:schema targetNamespace="http://www.gvt.com.br/CustomerManagement/CustomerSelfManagement/CustomerSelfEmpowered/CustomerSelfEmpowered/" xmlns:cse="http://www.gvt.com.br/CustomerManagement/CustomerSelfManagement/CustomerSelfEmpowered/CustomerSelfEmpowered/executeAnalysisEntities" xmlns:exd="http://www.gvt.com.br/CustomerManagement/CustomerSelfManagement/CustomerSelfEmpowered/CustomerSelfEmpowered/executeDiagnosticEntities" xmlns:gbi="http://www.gvt.com.br/CustomerManagement/CustomerSelfManagement/CustomerSelfEmpowered/CustomerSelfEmpowered/generateBusinessInteractionEntities" xmlns:gvt="http://www.gvt.com.br/GvtCommonEntities" xmlns:soap="http://schemas.xmlsoap.org/wsdl/soap/" xmlns:ssr="http://www.gvt.com.br/CustomerManagement/CustomerSelfManagement/CustomerSelfEmpowered/CustomerSelfEmpowered/searchServiceRequestTypeEntities" xmlns:tns="http://www.gvt.com.br/CustomerManagement/CustomerSelfManagement/CustomerSelfEmpowered/CustomerSelfEmpowered/" xmlns:wsdl="http://schemas.xmlsoap.org/wsdl/" xmlns:xsd="http://www.w3.org/2001/XMLSchema">
      <xsd:import namespace="http://www.gvt.com.br/CustomerManagement/CustomerSelfManagement/CustomerSelfEmpowered/CustomerSelfEmpowered/executeAnalysisEntities" schemaLocation="http://esb.gvt.net.br:8888/CustomerManagement/CustomerSelfManagement/CustomerSelfEmpowered/CustomerSelfEmpowered?SCHEMA%2FConsumerInterfaces%2FCustomerManagement%2FCustomerSelfManagement%2FCustomerSelfEmpowered%2FInterfaces%2FSchemas%2FexecuteAnalysisEntities"/>
      <xsd:import namespace="http://www.gvt.com.br/CustomerManagement/CustomerSelfManagement/CustomerSelfEmpowered/CustomerSelfEmpowered/searchServiceRequestTypeEntities" schemaLocation="http://esb.gvt.net.br:8888/CustomerManagement/CustomerSelfManagement/CustomerSelfEmpowered/CustomerSelfEmpowered?SCHEMA%2FConsumerInterfaces%2FCustomerManagement%2FCustomerSelfManagement%2FCustomerSelfEmpowered%2FInterfaces%2FSchemas%2FsearchServiceRequestTypeEntities"/>
      <xsd:import namespace="http://www.gvt.com.br/CustomerManagement/CustomerSelfManagement/CustomerSelfEmpowered/CustomerSelfEmpowered/generateBusinessInteractionEntities" schemaLocation="http://esb.gvt.net.br:8888/CustomerManagement/CustomerSelfManagement/CustomerSelfEmpowered/CustomerSelfEmpowered?SCHEMA%2FConsumerInterfaces%2FCustomerManagement%2FCustomerSelfManagement%2FCustomerSelfEmpowered%2FInterfaces%2FSchemas%2FgenerateBusinessInteractionEntities"/>
      <xsd:import namespace="http://www.gvt.com.br/CustomerManagement/CustomerSelfManagement/CustomerSelfEmpowered/CustomerSelfEmpowered/executeDiagnosticEntities" schemaLocation="http://esb.gvt.net.br:8888/CustomerManagement/CustomerSelfManagement/CustomerSelfEmpowered/CustomerSelfEmpowered?SCHEMA%2FConsumerInterfaces%2FCustomerManagement%2FCustomerSelfManagement%2FCustomerSelfEmpowered%2FInterfaces%2FSchemas%2FexecuteDiagnosticEntities"/>
      <xsd:import namespace="http://www.gvt.com.br/GvtCommonEntities" schemaLocation="http://esb.gvt.net.br:8888/CustomerManagement/CustomerSelfManagement/CustomerSelfEmpowered/CustomerSelfEmpowered?SCHEMA%2FCommons%2FInterfaces%2FSchemas%2FGvtCommonEntities"></xsd:import>
      <xsd:import namespace="http://www.gvt.com.br/GvtCommonEntities" schemaLocation="http://esb.gvt.net.br:8888/CustomerManagement/CustomerSelfManagement/CustomerSelfEmpowered/CustomerSelfEmpowered?SCHEMA%2FCommons%2FInterfaces%2FSchemas%2FGvtCommonEntities"/>
      <xsd:element name="executeAnalysisIn" type="cse:executeAnalysisIn"/>
      <xsd:element name="executeAnalysisOut" type="cse:executeAnalysisOut"/>
      <xsd:element name="searchServiceRequestTypeIn" type="ssr:searchServiceRequestTypeIn"/>
      <xsd:element name="searchServiceRequestTypeOut" type="ssr:searchServiceRequestTypeOut"/>
      <xsd:element name="generateBusinessInteractionIn" type="gbi:generateBusinessInteractionIn"/>
      <xsd:element name="generateBusinessInteractionOut" type="gbi:generateBusinessInteractionOut"/>
      <xsd:element name="executeDiagnosticIn" type="exd:executeDiagnosticIn"/>
      <xsd:element name="executeDiagnosticOut" type="exd:executeDiagnosticOut"/>
    </xsd:schema>
    <xsd:schema xmlns:cse="http://www.gvt.com.br/CustomerManagement/CustomerSelfManagement/CustomerSelfEmpowered/CustomerSelfEmpowered/executeAnalysisEntities" xmlns:exd="http://www.gvt.com.br/CustomerManagement/CustomerSelfManagement/CustomerSelfEmpowered/CustomerSelfEmpowered/executeDiagnosticEntities" xmlns:gbi="http://www.gvt.com.br/CustomerManagement/CustomerSelfManagement/CustomerSelfEmpowered/CustomerSelfEmpowered/generateBusinessInteractionEntities" xmlns:gvt="http://www.gvt.com.br/GvtCommonEntities" xmlns:soap="http://schemas.xmlsoap.org/wsdl/soap/" xmlns:ssr="http://www.gvt.com.br/CustomerManagement/CustomerSelfManagement/CustomerSelfEmpowered/CustomerSelfEmpowered/searchServiceRequestTypeEntities" xmlns:tns="http://www.gvt.com.br/CustomerManagement/CustomerSelfManagement/CustomerSelfEmpowered/CustomerSelfEmpowered/" xmlns:wsdl="http://schemas.xmlsoap.org/wsdl/" xmlns:xsd="http://www.w3.org/2001/XMLSchema"></xsd:schema>
  </WL5G3N0:types>
  <WL5G3N0:message name="GVTHeader">
    <WL5G3N0:part element="WL5G3N1:version" name="GVTHeader"/>
  </WL5G3N0:message>
  <WL5G3N0:message name="executeAnalysisRequest">
    <WL5G3N0:part element="WL5G3N2:executeAnalysisIn" name="parameters"/>
  </WL5G3N0:message>
  <WL5G3N0:message name="executeAnalysisResponse">
    <WL5G3N0:part element="WL5G3N2:executeAnalysisOut" name="parameters"/>
  </WL5G3N0:message>
  <WL5G3N0:message name="searchServiceRequestTypeRequest">
    <WL5G3N0:part element="WL5G3N2:searchServiceRequestTypeIn" name="parameters"/>
  </WL5G3N0:message>
  <WL5G3N0:message name="searchServiceRequestTypeResponse">
    <WL5G3N0:part element="WL5G3N2:searchServiceRequestTypeOut" name="parameters"/>
  </WL5G3N0:message>
  <WL5G3N0:message name="generateBusinessInteractionRequest">
    <WL5G3N0:part element="WL5G3N2:generateBusinessInteractionIn" name="parameters"/>
  </WL5G3N0:message>
  <WL5G3N0:message name="generateBusinessInteractionResponse">
    <WL5G3N0:part element="WL5G3N2:generateBusinessInteractionOut" name="parameters"/>
  </WL5G3N0:message>
  <WL5G3N0:message name="executeDiagnosticRequest">
    <WL5G3N0:part element="WL5G3N2:executeDiagnosticIn" name="parameters"/>
  </WL5G3N0:message>
  <WL5G3N0:message name="executeDiagnosticResponse">
    <WL5G3N0:part element="WL5G3N2:executeDiagnosticOut" name="parameters"/>
  </WL5G3N0:message>
  <WL5G3N0:message name="gvtBusinessServiceResponseFault">
    <WL5G3N0:part element="WL5G3N1:gvtBusinessServiceResponseFault" name="fault"/>
  </WL5G3N0:message>
  <WL5G3N0:portType name="CustomerSelfEmpowered">
    <WL5G3N0:operation name="executeAnalysis">
      <WL5G3N0:input message="WL5G3N2:executeAnalysisRequest"/>
      <WL5G3N0:output message="WL5G3N2:executeAnalysisResponse"/>
      <WL5G3N0:fault message="WL5G3N2:gvtBusinessServiceResponseFault" name="fault"/>
    </WL5G3N0:operation>
    <WL5G3N0:operation name="searchServiceRequestType">
      <WL5G3N0:input message="WL5G3N2:searchServiceRequestTypeRequest"/>
      <WL5G3N0:output message="WL5G3N2:searchServiceRequestTypeResponse"/>
      <WL5G3N0:fault message="WL5G3N2:gvtBusinessServiceResponseFault" name="fault"/>
    </WL5G3N0:operation>
    <WL5G3N0:operation name="generateBusinessInteraction">
      <WL5G3N0:input message="WL5G3N2:generateBusinessInteractionRequest"/>
      <WL5G3N0:output message="WL5G3N2:generateBusinessInteractionResponse"/>
      <WL5G3N0:fault message="WL5G3N2:gvtBusinessServiceResponseFault" name="fault"/>
    </WL5G3N0:operation>
    <WL5G3N0:operation name="executeDiagnostic">
      <WL5G3N0:input message="WL5G3N2:executeDiagnosticRequest"/>
      <WL5G3N0:output message="WL5G3N2:executeDiagnosticResponse"/>
      <WL5G3N0:fault message="WL5G3N2:gvtBusinessServiceResponseFault" name="fault"/>
    </WL5G3N0:operation>
  </WL5G3N0:portType>
  <WL5G3N0:binding name="CustomerSelfEmpoweredSOAP" type="WL5G3N2:CustomerSelfEmpowered">
    <WL5G3N3:binding style="document" transport="http://schemas.xmlsoap.org/soap/http"/>
    <WL5G3N0:operation name="executeAnalysis">
      <WL5G3N3:operation soapAction="http://www.gvt.com.br/CustomerManagement/CustomerSelfManagement/CustomerSelfEmpowered/CustomerSelfEmpowered/executeAnalysis"/>
      <WL5G3N0:input>
        <WL5G3N3:body use="literal"/>
      </WL5G3N0:input>
      <WL5G3N0:output>
        <WL5G3N3:body use="literal"/>
      </WL5G3N0:output>
      <WL5G3N0:fault name="fault">
        <WL5G3N3:fault name="fault" use="literal"/>
      </WL5G3N0:fault>
    </WL5G3N0:operation>
    <WL5G3N0:operation name="searchServiceRequestType">
      <WL5G3N3:operation soapAction="http://www.gvt.com.br/CustomerManagement/CustomerSelfManagement/CustomerSelfEmpowered/CustomerSelfEmpowered/searchServiceRequestType"/>
      <WL5G3N0:input>
        <WL5G3N3:body use="literal"/>
      </WL5G3N0:input>
      <WL5G3N0:output>
        <WL5G3N3:body use="literal"/>
      </WL5G3N0:output>
      <WL5G3N0:fault name="fault">
        <WL5G3N3:fault name="fault" use="literal"/>
      </WL5G3N0:fault>
    </WL5G3N0:operation>
    <WL5G3N0:operation name="generateBusinessInteraction">
      <WL5G3N3:operation soapAction="http://www.gvt.com.br/CustomerManagement/CustomerSelfManagement/CustomerSelfEmpowered/CustomerSelfEmpowered/generateBusinessInteraction"/>
      <WL5G3N0:input>
        <WL5G3N3:body use="literal"/>
      </WL5G3N0:input>
      <WL5G3N0:output>
        <WL5G3N3:body use="literal"/>
      </WL5G3N0:output>
      <WL5G3N0:fault name="fault">
        <WL5G3N3:fault name="fault" use="literal"/>
      </WL5G3N0:fault>
    </WL5G3N0:operation>
    <WL5G3N0:operation name="executeDiagnostic">
      <WL5G3N3:operation soapAction="http://www.gvt.com.br/CustomerManagement/CustomerSelfManagement/CustomerSelfEmpowered/CustomerSelfEmpowered/executeDiagnostic"/>
      <WL5G3N0:input>
        <WL5G3N3:body use="literal"/>
      </WL5G3N0:input>
      <WL5G3N0:output>
        <WL5G3N3:body use="literal"/>
      </WL5G3N0:output>
      <WL5G3N0:fault name="fault">
        <WL5G3N3:fault name="fault" use="literal"/>
      </WL5G3N0:fault>
    </WL5G3N0:operation>
  </WL5G3N0:binding>
  <WL5G3N0:service name="CustomerSelfEmpowered">
    <WL5G3N0:port binding="WL5G3N2:CustomerSelfEmpoweredSOAP" name="CustomerSelfEmpoweredSOAP">
      <WL5G3N3:address location="http://esb.gvt.net.br:8888/CustomerManagement/CustomerSelfManagement/CustomerSelfEmpowered/CustomerSelfEmpowered"/>
    </WL5G3N0:port>
  </WL5G3N0:service>
</WL5G3N0:definitions>]]></con:content><con:type>http://schemas.xmlsoap.org/wsdl/</con:type></con:part><con:part><con:url>http://esb.gvt.net.br:8888/CustomerManagement/CustomerSelfManagement/CustomerSelfEmpowered/CustomerSelfEmpowered?SCHEMA%2FConsumerInterfaces%2FCustomerManagement%2FCustomerSelfManagement%2FCustomerSelfEmpowered%2FInterfaces%2FSchemas%2FexecuteAnalysisEntities</con:url><con:content><![CDATA[<schema targetNamespace="http://www.gvt.com.br/CustomerManagement/CustomerSelfManagement/CustomerSelfEmpowered/CustomerSelfEmpowered/executeAnalysisEntities" elementFormDefault="qualified" xmlns="http://www.w3.org/2001/XMLSchema" xmlns:tns="http://www.gvt.com.br/CustomerManagement/CustomerSelfManagement/CustomerSelfEmpowered/CustomerSelfEmpowered/executeAnalysisEntities" xmlns:xs="http://www.w3.org/2001/XMLSchema">
  <xs:complexType name="executeAnalysisIn">
    <xs:sequence>
      <xs:element name="customerServiceRequest" type="tns:CustomerServiceRequestIn" minOccurs="0"/>
    </xs:sequence>
  </xs:complexType>
  <xs:complexType name="executeAnalysisOut">
    <xs:sequence>
      <xs:element name="customerServiceRequest" type="tns:CustomerServiceRequestOut" minOccurs="0"/>
    </xs:sequence>
  </xs:complexType>
  <xs:complexType name="CustomerServiceRequestIn">
    <xs:complexContent>
      <xs:extension base="tns:BusinessInteraction">
        <xs:sequence>
          <xs:element name="serviceRequestType" type="tns:ServiceRequestType" minOccurs="0" maxOccurs="unbounded"/>
        </xs:sequence>
      </xs:extension>
    </xs:complexContent>
  </xs:complexType>
  <xs:complexType name="CustomerServiceRequestOut">
    <xs:complexContent>
      <xs:extension base="tns:BusinessInteraction">
        <xs:sequence>
          <xs:element name="serviceRequestType" type="tns:ServiceRequestType" minOccurs="0" maxOccurs="unbounded"/>
          <xs:element name="status" type="xs:string" minOccurs="0"/>
        </xs:sequence>
      </xs:extension>
    </xs:complexContent>
  </xs:complexType>
  <xs:complexType name="BusinessInteraction">
    <xs:sequence>
      <xs:element name="interactionId" type="xs:string" minOccurs="0"/>
    </xs:sequence>
  </xs:complexType>
  <xs:complexType name="ServiceRequestType">
    <xs:sequence>
      <xs:element name="parentId" type="xs:string" minOccurs="0"/>
      <xs:element name="id" type="xs:string" minOccurs="0"/>
      <xs:element name="name" type="xs:string" minOccurs="0"/>
      <xs:element name="description" type="xs:string" minOccurs="0"/>
      <xs:element name="characteristicSpecification" type="tns:CharacteristicSpecification" minOccurs="0" maxOccurs="unbounded"/>
    </xs:sequence>
  </xs:complexType>
  <xs:complexType name="CharacteristicSpecification">
    <xs:sequence>
      <xs:element name="id" type="xs:string" minOccurs="0"/>
      <xs:element name="type" type="xs:string" minOccurs="0"/>
      <xs:element name="description" type="xs:string" minOccurs="0"/>
      <xs:element name="characteristicSpecValue" type="tns:CharacteristicSpecValue" minOccurs="0" maxOccurs="unbounded"/>
    </xs:sequence>
  </xs:complexType>
  <xs:complexType name="CharacteristicSpecValue">
    <xs:sequence>
      <xs:element name="type" type="xs:string" minOccurs="0"/>
      <xs:element name="value" type="xs:string" minOccurs="0"/>
    </xs:sequence>
  </xs:complexType>
</schema>]]></con:content><con:type>http://www.w3.org/2001/XMLSchema</con:type></con:part><con:part><con:url>http://esb.gvt.net.br:8888/CustomerManagement/CustomerSelfManagement/CustomerSelfEmpowered/CustomerSelfEmpowered?SCHEMA%2FConsumerInterfaces%2FCustomerManagement%2FCustomerSelfManagement%2FCustomerSelfEmpowered%2FInterfaces%2FSchemas%2FsearchServiceRequestTypeEntities</con:url><con:content><![CDATA[<schema targetNamespace="http://www.gvt.com.br/CustomerManagement/CustomerSelfManagement/CustomerSelfEmpowered/CustomerSelfEmpowered/searchServiceRequestTypeEntities" elementFormDefault="qualified" xmlns="http://www.w3.org/2001/XMLSchema" xmlns:tns="http://www.gvt.com.br/CustomerManagement/CustomerSelfManagement/CustomerSelfEmpowered/CustomerSelfEmpowered/searchServiceRequestTypeEntities" xmlns:xs="http://www.w3.org/2001/XMLSchema">
  <!--tipos de entradas e saídas-->
  <xs:complexType name="searchServiceRequestTypeIn">
    <xs:sequence>
      <xs:element name="serviceRequestType" type="tns:ServiceRequestTypeIn" minOccurs="0"/>
    </xs:sequence>
  </xs:complexType>
  <xs:complexType name="searchServiceRequestTypeOut">
    <xs:sequence>
      <xs:element name="serviceRequestType" type="tns:ServiceRequestTypeOut" minOccurs="0" maxOccurs="unbounded"/>
    </xs:sequence>
  </xs:complexType>
  <xs:complexType name="ServiceRequestTypeIn">
    <xs:sequence>
      <xs:element name="channel" type="xs:string" minOccurs="0"/>
      <xs:element name="serviceId" type="xs:string" minOccurs="0"/>
    </xs:sequence>
  </xs:complexType>
  <xs:complexType name="ServiceRequestTypeOut">
    <xs:sequence>
      <xs:element name="id" type="xs:string" minOccurs="0"/>
      <xs:element name="description" type="xs:string" minOccurs="0"/>
    </xs:sequence>
  </xs:complexType>
</schema>]]></con:content><con:type>http://www.w3.org/2001/XMLSchema</con:type></con:part><con:part><con:url>http://esb.gvt.net.br:8888/CustomerManagement/CustomerSelfManagement/CustomerSelfEmpowered/CustomerSelfEmpowered?SCHEMA%2FConsumerInterfaces%2FCustomerManagement%2FCustomerSelfManagement%2FCustomerSelfEmpowered%2FInterfaces%2FSchemas%2FgenerateBusinessInteractionEntities</con:url><con:content><![CDATA[<schema targetNamespace="http://www.gvt.com.br/CustomerManagement/CustomerSelfManagement/CustomerSelfEmpowered/CustomerSelfEmpowered/generateBusinessInteractionEntities" elementFormDefault="qualified" xmlns="http://www.w3.org/2001/XMLSchema" xmlns:tns="http://www.gvt.com.br/CustomerManagement/CustomerSelfManagement/CustomerSelfEmpowered/CustomerSelfEmpowered/generateBusinessInteractionEntities" xmlns:xs="http://www.w3.org/2001/XMLSchema" xmlns:gvt="http://www.gvt.com.br/GvtCommonEntities">
  <xs:import schemaLocation="http://esb.gvt.net.br:8888/CustomerManagement/CustomerSelfManagement/CustomerSelfEmpowered/CustomerSelfEmpowered?SCHEMA%2FCommons%2FInterfaces%2FSchemas%2FGvtCommonEntities" namespace="http://www.gvt.com.br/GvtCommonEntities"/>
  <xs:complexType name="generateBusinessInteractionIn">
    <xs:sequence>
      <xs:element name="serviceRequestType" type="tns:ServiceRequestTypeIn" minOccurs="0"/>
    </xs:sequence>
  </xs:complexType>
  <xs:complexType name="generateBusinessInteractionOut">
    <xs:sequence>
      <xs:element name="businessInteraction" type="tns:BusinessInteractionOut" minOccurs="0"/>
    </xs:sequence>
  </xs:complexType>
  <xs:complexType name="ServiceRequestTypeIn">
    <xs:sequence>
      <xs:element name="id" type="xs:string" minOccurs="0"/>
      <xs:element name="serviceId" type="xs:string" minOccurs="0"/>
      <xs:element name="channel" type="xs:string" minOccurs="0"/>
    </xs:sequence>
  </xs:complexType>
  <xs:complexType name="BusinessInteractionOut">
    <xs:sequence>
      <xs:element name="ID" type="xs:string" minOccurs="0"/>
    </xs:sequence>
  </xs:complexType>
</schema>]]></con:content><con:type>http://www.w3.org/2001/XMLSchema</con:type></con:part><con:part><con:url>http://esb.gvt.net.br:8888/CustomerManagement/CustomerSelfManagement/CustomerSelfEmpowered/CustomerSelfEmpowered?SCHEMA%2FCommons%2FInterfaces%2FSchemas%2FGvtCommonEntities</con:url><con:content><![CDATA[<schema targetNamespace="http://www.gvt.com.br/GvtCommonEntities" elementFormDefault="qualified" xmlns="http://www.w3.org/2001/XMLSchema" xmlns:tns="http://www.gvt.com.br/GvtCommonEntities" xmlns:xs="http://www.w3.org/2001/XMLSchema">
  <xs:complexType name="gvtBusinessServiceResponse">
    <xs:sequence>
      <xs:element name="responseStatus" type="tns:gvtBusinessServiceResponseStatus" minOccurs="1"/>
      <xs:element name="messages" type="tns:gvtBusinessServiceResponseMessage" nillable="true" minOccurs="0" maxOccurs="unbounded"/>
    </xs:sequence>
  </xs:complexType>
  <xs:simpleType name="gvtBusinessServiceResponseStatus">
    <xs:restriction base="xs:string">
      <xs:enumeration value="SUCCESS"/>
      <xs:enumeration value="BUSINESS_ERROR"/>
      <xs:enumeration value="FATAL_ERROR"/>
    </xs:restriction>
  </xs:simpleType>
  <xs:complexType name="gvtBusinessServiceResponseMessage">
    <xs:sequence>
      <xs:element name="description" type="xs:string" minOccurs="1">
        <xs:annotation>
          <xs:documentation>breve descricao em portugues relevante ao negocio
						do resultado da operacao</xs:documentation>
        </xs:annotation>
      </xs:element>
      <xs:element name="statusCode" type="xs:string" minOccurs="1">
        <annotation>
          <documentation>codigo retorno gvt do resultado da operacao conforme
						definido em
						http://svuxpjir1:9090/display/CAPINT/Consumer+Interface+Proxys</documentation>
        </annotation>
      </xs:element>
      <xs:element name="statusDetail" type="xs:string" minOccurs="1">
        <annotation>
          <documentation>descricao do status code</documentation>
        </annotation>
      </xs:element>
      <xs:element name="system" type="xs:string" minOccurs="1">
        <annotation>
          <documentation>caso possivel informar qual sistema legado gvt
						resultou a falha</documentation>
        </annotation>
      </xs:element>
    </xs:sequence>
  </xs:complexType>
  <xs:element name="version" nillable="true">
    <xs:annotation>
      <xs:documentation>Header GVT para versionamento de serviços. Guia de
				utilizacao em
				http://svuxpjir1:9090/display/CAPINT/Consumer+Interface+Proxys</xs:documentation>
    </xs:annotation>
    <xs:simpleType>
      <xs:restriction base="xs:string">
        <xs:maxLength value="4"/>
      </xs:restriction>
    </xs:simpleType>
  </xs:element>
  <xs:simpleType name="TypeMessage">
    <xs:restriction base="xs:string">
      <xs:enumeration value="CHANGE_STATUS"/>
      <xs:enumeration value="CLOSE"/>
      <xs:enumeration value="DONE"/>
      <xs:enumeration value="NOT_DONE"/>
      <xs:enumeration value="DEINSTALL_EQUIPMENT"/>
      <xs:enumeration value="UPDATE_EQUIPMENT_INVENTORY"/>
      <xs:enumeration value="REMOVE_EQUIPMENT_INVENTORY"/>
    </xs:restriction>
  </xs:simpleType>
  <xs:simpleType name="WorkforceAction">
    <xs:restriction base="xs:string">
      <xs:enumeration value="ISSUE"/>
      <xs:enumeration value="REAGENDAMENTO"/>
      <xs:enumeration value="PENDENCIA"/>
    </xs:restriction>
  </xs:simpleType>
  <xs:complexType name="message">
    <xs:sequence>
      <xs:element name="id" type="xs:string" minOccurs="1">
        <xs:annotation>
          <xs:documentation>Id da mensagem</xs:documentation>
        </xs:annotation>
      </xs:element>
      <xs:element name="type" type="tns:TypeMessage" minOccurs="1">
        <annotation>
          <documentation>tipo da mensagem</documentation>
        </annotation>
      </xs:element>
      <xs:element name="startDateTime" type="xs:dateTime" minOccurs="1">
        <annotation>
          <documentation>Hora de inicio do processamento da mensagem</documentation>
        </annotation>
      </xs:element>
      <xs:element name="endDateTime" type="xs:dateTime" minOccurs="1">
        <annotation>
          <documentation>Hora de finalização do processamento da mensagem</documentation>
        </annotation>
      </xs:element>
      <xs:element name="status" type="xs:string" minOccurs="1">
        <annotation>
          <documentation>Situação da mensagem</documentation>
        </annotation>
      </xs:element>
    </xs:sequence>
  </xs:complexType>
  <xs:complexType name="gvtBusinessServiceResponseFault">
    <xs:sequence>
      <xs:element name="gvtBusinessServiceResponse" type="tns:gvtBusinessServiceResponse"/>
    </xs:sequence>
  </xs:complexType>
  <xs:element name="gvtBusinessServiceResponseFault" type="tns:gvtBusinessServiceResponseFault"/>
  <xs:complexType name="HeaderParameters">
    <xs:sequence>
      <xs:element name="username" type="xs:string" minOccurs="0" maxOccurs="1"/>
      <xs:element name="serviceChannel" type="xs:string" minOccurs="0" maxOccurs="1"/>
      <xs:element name="application" type="xs:string" minOccurs="0" maxOccurs="1"/>
      <xs:element name="sessionId" type="xs:string" minOccurs="0" maxOccurs="1"/>
      <xs:element name="ipAddress" type="xs:string" minOccurs="0" maxOccurs="1"/>
      <xs:element name="startTransaction" type="xs:dateTime" minOccurs="0" maxOccurs="1"/>
      <xs:element name="searchParameters" type="tns:SearchParameters" minOccurs="0" maxOccurs="1"/>
    </xs:sequence>
  </xs:complexType>
  <xs:complexType name="Parameters">
    <xs:sequence>
      <xs:element name="from" type="xs:string"/>
    </xs:sequence>
  </xs:complexType>
  <element name="HeaderParameters" type="tns:HeaderParameters"/>
  <xs:complexType name="SearchParameters">
    <xs:sequence>
      <xs:element name="pageNumber" type="xs:string" minOccurs="0"/>
      <xs:element name="pageSize" type="xs:string" minOccurs="0"/>
      <xs:element name="orderByField" type="xs:string" minOccurs="0"/>
      <xs:element name="orderBy" type="xs:string" minOccurs="0"/>
    </xs:sequence>
  </xs:complexType>
  <xs:complexType name="SearchLocationParameters">
    <xs:complexContent>
      <xs:extension base="tns:SearchParameters">
        <xs:sequence>
          <xs:element name="broadbandVelocity" type="xs:string"/>
          <xs:element name="actualStep" type="xs:int"/>
          <xs:element name="totalSteps" type="xs:int"/>
        </xs:sequence>
      </xs:extension>
    </xs:complexContent>
  </xs:complexType>
  <xs:complexType name="SearchPriority">
    <xs:sequence>
      <xs:element name="priorityNumber" type="xs:string" minOccurs="0"/>
      <xs:element name="prioritySize" type="xs:string" minOccurs="0"/>
      <xs:element name="priorityType" type="xs:string" minOccurs="0"/>
      <xs:element name="searchPriorityParameters" type="tns:SearchPriorityParameters" minOccurs="0" maxOccurs="unbounded"/>
    </xs:sequence>
  </xs:complexType>
  <xs:complexType name="SearchPriorityParameters">
    <xs:sequence>
      <xs:element name="name" type="xs:string" minOccurs="0"/>
      <xs:element name="value" type="xs:string" minOccurs="0"/>
    </xs:sequence>
  </xs:complexType>
</schema>]]></con:content><con:type>http://www.w3.org/2001/XMLSchema</con:type></con:part><con:part><con:url>http://esb.gvt.net.br:8888/CustomerManagement/CustomerSelfManagement/CustomerSelfEmpowered/CustomerSelfEmpowered?SCHEMA%2FConsumerInterfaces%2FCustomerManagement%2FCustomerSelfManagement%2FCustomerSelfEmpowered%2FInterfaces%2FSchemas%2FexecuteDiagnosticEntities</con:url><con:content><![CDATA[<schema targetNamespace="http://www.gvt.com.br/CustomerManagement/CustomerSelfManagement/CustomerSelfEmpowered/CustomerSelfEmpowered/executeDiagnosticEntities" elementFormDefault="qualified" xmlns="http://www.w3.org/2001/XMLSchema" xmlns:tns="http://www.gvt.com.br/CustomerManagement/CustomerSelfManagement/CustomerSelfEmpowered/CustomerSelfEmpowered/executeDiagnosticEntities" xmlns:xs="http://www.w3.org/2001/XMLSchema" xmlns:gvt="http://www.gvt.com.br/GvtCommonEntities">
  <xs:import schemaLocation="http://esb.gvt.net.br:8888/CustomerManagement/CustomerSelfManagement/CustomerSelfEmpowered/CustomerSelfEmpowered?SCHEMA%2FCommons%2FInterfaces%2FSchemas%2FGvtCommonEntities" namespace="http://www.gvt.com.br/GvtCommonEntities"/>
  <xs:complexType name="executeDiagnosticIn">
    <xs:sequence>
      <xs:element name="customerServiceRequest" type="tns:CustomerServiceRequest" minOccurs="0"/>
    </xs:sequence>
  </xs:complexType>
  <xs:complexType name="executeDiagnosticOut">
    <xs:sequence>
      <xs:element name="businessInteraction" type="tns:BusinessInteractionOut" minOccurs="0"/>
    </xs:sequence>
  </xs:complexType>
  <!--IN-->
  <xs:complexType name="CustomerServiceRequest">
    <xs:complexContent>
      <xs:extension base="tns:ServiceRequest"/>
    </xs:complexContent>
  </xs:complexType>
  <xs:complexType name="ServiceRequest">
    <xs:complexContent>
      <xs:extension base="tns:BusinessInteractionIn">
        <xs:sequence>
          <xs:element name="notes" type="xs:string" minOccurs="0"/>
          <xs:element name="serviceRequestType" type="tns:ServiceRequestType" minOccurs="0" maxOccurs="unbounded"/>
        </xs:sequence>
      </xs:extension>
    </xs:complexContent>
  </xs:complexType>
  <xs:complexType name="BusinessInteractionIn">
    <xs:sequence>
      <xs:element name="interactionId" type="xs:string" minOccurs="0"/>
    </xs:sequence>
  </xs:complexType>
  <xs:complexType name="ServiceRequestType">
    <xs:sequence>
      <xs:element name="characteristicSpecification" type="tns:CharacteristicSpecification" minOccurs="0" maxOccurs="unbounded"/>
    </xs:sequence>
  </xs:complexType>
  <xs:complexType name="CharacteristicSpecification">
    <xs:sequence>
      <xs:element name="characteristicSpecValue" type="tns:CharacteristicSpecValue" minOccurs="0" maxOccurs="unbounded"/>
    </xs:sequence>
  </xs:complexType>
  <xs:complexType name="CharacteristicSpecValue">
    <xs:sequence>
      <xs:element name="type" type="xs:string" minOccurs="0"/>
      <xs:element name="value" type="xs:string" minOccurs="0"/>
    </xs:sequence>
  </xs:complexType>
  <!--/IN-->
  <!--OUT-->
  <xs:complexType name="BusinessInteractionOut">
    <xs:sequence>
      <xs:element name="interactionProtocol" type="xs:string" minOccurs="0"/>
    </xs:sequence>
  </xs:complexType>
  <!--/OUT-->
</schema>]]></con:content><con:type>http://www.w3.org/2001/XMLSchema</con:type></con:part></con:definitionCache><con:endpoints><con:endpoint>http://localhost:8080/</con:endpoint></con:endpoints><con:operation id="eb1cc05c-5c4a-4146-a637-ba459494649a" isOneWay="false" action="http://www.gvt.com.br/CustomerManagement/CustomerSelfManagement/CustomerSelfEmpowered/CustomerSelfEmpowered/executeAnalysis" name="executeAnalysis" bindingOperationName="executeAnalysis" type="Request-Response" inputName="" receivesAttachments="false" sendsAttachments="false" anonymous="optional"><con:settings/></con:operation><con:operation id="99b7520d-ea5c-4cfa-b559-a96a3fcb4c0f" isOneWay="false" action="http://www.gvt.com.br/CustomerManagement/CustomerSelfManagement/CustomerSelfEmpowered/CustomerSelfEmpowered/executeDiagnostic" name="executeDiagnostic" bindingOperationName="executeDiagnostic" type="Request-Response" inputName="" receivesAttachments="false" sendsAttachments="false" anonymous="optional"><con:settings/></con:operation><con:operation id="8cc2fd6f-fc92-4e8f-be6f-702e4698dacb" isOneWay="false" action="http://www.gvt.com.br/CustomerManagement/CustomerSelfManagement/CustomerSelfEmpowered/CustomerSelfEmpowered/generateBusinessInteraction" name="generateBusinessInteraction" bindingOperationName="generateBusinessInteraction" type="Request-Response" inputName="" receivesAttachments="false" sendsAttachments="false" anonymous="optional"><con:settings/><con:call id="cbff4efa-6c24-425c-aa75-5deff23bc431" name="Request"><con:settings><con:setting id="com.eviware.soapui.impl.wsdl.WsdlRequest@request-headers">&lt;xml-fragment/></con:setting></con:settings><con:encoding>UTF-8</con:encoding><con:endpoint>http://localhost:8080/</con:endpoint><con:request><![CDATA[<soapenv:Envelope xmlns:soapenv="http://schemas.xmlsoap.org/soap/envelope/" xmlns:cus="http://www.gvt.com.br/CustomerManagement/CustomerSelfManagement/CustomerSelfEmpowered/CustomerSelfEmpowered/" xmlns:gen="http://www.gvt.com.br/CustomerManagement/CustomerSelfManagement/CustomerSelfEmpowered/CustomerSelfEmpowered/generateBusinessInteractionEntities">\r
   <soapenv:Header/>\r
   <soapenv:Body>\r
      <cus:generateBusinessInteractionIn>\r
         <gen:serviceRequestType>\r
            <gen:id>30693</gen:id>\r
            <gen:serviceId>1135314695</gen:serviceId>\r
            <gen:channel>CANAIS_ONLINE</gen:channel>\r
         </gen:serviceRequestType>\r
      </cus:generateBusinessInteractionIn>\r
   </soapenv:Body>\r
</soapenv:Envelope>]]></con:request><con:credentials><con:authType>No Authorization</con:authType></con:credentials><con:jmsConfig JMSDeliveryMode="PERSISTENT"/><con:jmsPropertyConfig/><con:wsaConfig mustUnderstand="NONE" version="200508" action="http://www.gvt.com.br/CustomerManagement/CustomerSelfManagement/CustomerSelfEmpowered/CustomerSelfEmpowered/generateBusinessInteraction"/><con:wsrmConfig version="1.2"/></con:call><con:call id="b036acaf-2b4d-407e-99ef-2b9e69d250cd" name="Request-AWS"><con:settings><con:setting id="com.eviware.soapui.impl.wsdl.WsdlRequest@request-headers">&lt;xml-fragment/></con:setting></con:settings><con:encoding>UTF-8</con:encoding><con:endpoint>http://54.89.147.97:8888/mockservice/</con:endpoint><con:request><![CDATA[<soapenv:Envelope xmlns:soapenv="http://schemas.xmlsoap.org/soap/envelope/" xmlns:cus="http://www.gvt.com.br/CustomerManagement/CustomerSelfManagement/CustomerSelfEmpowered/CustomerSelfEmpowered/" xmlns:gen="http://www.gvt.com.br/CustomerManagement/CustomerSelfManagement/CustomerSelfEmpowered/CustomerSelfEmpowered/generateBusinessInteractionEntities">\r
   <soapenv:Header/>\r
   <soapenv:Body>\r
      <cus:generateBusinessInteractionIn>\r
         <gen:serviceRequestType>\r
            <gen:id>30693</gen:id>\r
            <gen:serviceId>1135314695</gen:serviceId>\r
            <gen:channel>CANAIS_ONLINE</gen:channel>\r
         </gen:serviceRequestType>\r
      </cus:generateBusinessInteractionIn>\r
   </soapenv:Body>\r
</soapenv:Envelope>]]></con:request><con:credentials><con:authType>No Authorization</con:authType></con:credentials><con:jmsConfig JMSDeliveryMode="PERSISTENT"/><con:jmsPropertyConfig/><con:wsaConfig mustUnderstand="NONE" version="200508" action="http://www.gvt.com.br/CustomerManagement/CustomerSelfManagement/CustomerSelfEmpowered/CustomerSelfEmpowered/generateBusinessInteraction"/><con:wsrmConfig version="1.2"/></con:call></con:operation><con:operation id="45a83bca-2cc0-41bd-8aa1-d70022f7e6d6" isOneWay="false" action="http://www.gvt.com.br/CustomerManagement/CustomerSelfManagement/CustomerSelfEmpowered/CustomerSelfEmpowered/searchServiceRequestType" name="searchServiceRequestType" bindingOperationName="searchServiceRequestType" type="Request-Response" inputName="" receivesAttachments="false" sendsAttachments="false" anonymous="optional"><con:settings/><con:call id="e57b0aa1-510c-4ec7-9d0e-fafebe5140dd" name="Request"><con:settings><con:setting id="com.eviware.soapui.impl.wsdl.WsdlRequest@request-headers">&lt;xml-fragment/></con:setting></con:settings><con:encoding>UTF-8</con:encoding><con:endpoint>http://localhost:8080/</con:endpoint><con:request><![CDATA[<soapenv:Envelope xmlns:soapenv="http://schemas.xmlsoap.org/soap/envelope/" xmlns:cus="http://www.gvt.com.br/CustomerManagement/CustomerSelfManagement/CustomerSelfEmpowered/CustomerSelfEmpowered/" xmlns:sear="http://www.gvt.com.br/CustomerManagement/CustomerSelfManagement/CustomerSelfEmpowered/CustomerSelfEmpowered/searchServiceRequestTypeEntities">\r
   <soapenv:Header/>\r
   <soapenv:Body>\r
      <cus:searchServiceRequestTypeIn>\r
         <sear:serviceRequestType>\r
            <sear:channel>CANAIS_ONLINE</sear:channel>\r
            <sear:serviceId>1135314695</sear:serviceId>\r
         </sear:serviceRequestType>\r
      </cus:searchServiceRequestTypeIn>\r
   </soapenv:Body>\r
</soapenv:Envelope>]]></con:request><con:credentials><con:authType>No Authorization</con:authType></con:credentials><con:jmsConfig JMSDeliveryMode="PERSISTENT"/><con:jmsPropertyConfig/><con:wsaConfig mustUnderstand="NONE" version="200508" action="http://www.gvt.com.br/CustomerManagement/CustomerSelfManagement/CustomerSelfEmpowered/CustomerSelfEmpowered/searchServiceRequestType"/><con:wsrmConfig version="1.2"/></con:call><con:call id="443cd6ed-19ab-408a-b845-5518a9c5c2e2" name="Request-AWS"><con:settings><con:setting id="com.eviware.soapui.impl.wsdl.WsdlRequest@request-headers">&lt;xml-fragment/></con:setting></con:settings><con:encoding>UTF-8</con:encoding><con:endpoint>http://54.89.147.97:8888/mockservice/</con:endpoint><con:request><![CDATA[<soapenv:Envelope xmlns:soapenv="http://schemas.xmlsoap.org/soap/envelope/" xmlns:cus="http://www.gvt.com.br/CustomerManagement/CustomerSelfManagement/CustomerSelfEmpowered/CustomerSelfEmpowered/" xmlns:sear="http://www.gvt.com.br/CustomerManagement/CustomerSelfManagement/CustomerSelfEmpowered/CustomerSelfEmpowered/searchServiceRequestTypeEntities">\r
   <soapenv:Header/>\r
   <soapenv:Body>\r
      <cus:searchServiceRequestTypeIn>\r
         <sear:serviceRequestType>\r
            <sear:channel>CANAIS_ONLINE</sear:channel>\r
            <sear:serviceId>1135314695</sear:serviceId>\r
         </sear:serviceRequestType>\r
      </cus:searchServiceRequestTypeIn>\r
   </soapenv:Body>\r
</soapenv:Envelope>]]></con:request><con:credentials><con:authType>No Authorization</con:authType></con:credentials><con:jmsConfig JMSDeliveryMode="PERSISTENT"/><con:jmsPropertyConfig/><con:wsaConfig mustUnderstand="NONE" version="200508" action="http://www.gvt.com.br/CustomerManagement/CustomerSelfManagement/CustomerSelfEmpowered/CustomerSelfEmpowered/searchServiceRequestType"/><con:wsrmConfig version="1.2"/></con:call></con:operation></con:interface><con:mockService id="16653647-b15b-477a-9929-d67633fdadff" port="8080" path="/" host="NOTCTARO11-6230" name="MockService"><con:settings><con:setting id="com.eviware.soapui.impl.wsdl.mock.WsdlMockService@require-soap-action">false</con:setting></con:settings><con:properties/><con:mockOperation name="searchServiceRequestType" id="ba648a2c-9c79-4906-a948-531c45ff5e6f" interface="CustomerSelfEmpoweredSOAP" operation="searchServiceRequestType"><con:settings/><con:defaultResponse>Response 1</con:defaultResponse><con:dispatchStyle>SEQUENCE</con:dispatchStyle><con:response name="ResponseSuccess" id="4fb2d7fe-3681-481f-94d9-3bac63df5a92" httpResponseStatus="200" encoding="UTF-8"><con:settings/><con:responseContent><![CDATA[<soapenv:Envelope xmlns:soapenv="http://schemas.xmlsoap.org/soap/envelope/">
   <S:Body xmlns:S="http://schemas.xmlsoap.org/soap/envelope/">
      <cus:searchServiceRequestTypeOut xmlns:cus="http://www.gvt.com.br/CustomerManagement/CustomerSelfManagement/CustomerSelfEmpowered/CustomerSelfEmpowered/">
         <sear:serviceRequestType xmlns:sear="http://www.gvt.com.br/CustomerManagement/CustomerSelfManagement/CustomerSelfEmpowered/CustomerSelfEmpowered/searchServiceRequestTypeEntities">
            <sear:id>30769</sear:id>
            <sear:description>DEX_172_Linha</sear:description>
         </sear:serviceRequestType>
         <sear:serviceRequestType xmlns:sear="http://www.gvt.com.br/CustomerManagement/CustomerSelfManagement/CustomerSelfEmpowered/CustomerSelfEmpowered/searchServiceRequestTypeEntities">
            <sear:id>30693</sear:id>
            <sear:description>Defeito Linha</sear:description>
         </sear:serviceRequestType>
         <sear:serviceRequestType xmlns:sear="http://www.gvt.com.br/CustomerManagement/CustomerSelfManagement/CustomerSelfEmpowered/CustomerSelfEmpowered/searchServiceRequestTypeEntities">
            <sear:id>30735</sear:id>
            <sear:description>DEXSUPTEC-191</sear:description>
         </sear:serviceRequestType>
         <sear:serviceRequestType xmlns:sear="http://www.gvt.com.br/CustomerManagement/CustomerSelfManagement/CustomerSelfEmpowered/CustomerSelfEmpowered/searchServiceRequestTypeEntities">
            <sear:id>30739</sear:id>
            <sear:description>DEX_130</sear:description>
         </sear:serviceRequestType>
         <sear:serviceRequestType xmlns:sear="http://www.gvt.com.br/CustomerManagement/CustomerSelfManagement/CustomerSelfEmpowered/CustomerSelfEmpowered/searchServiceRequestTypeEntities">
            <sear:id>30744</sear:id>
            <sear:description>DEXSUPTEC-192</sear:description>
         </sear:serviceRequestType>
         <sear:serviceRequestType xmlns:sear="http://www.gvt.com.br/CustomerManagement/CustomerSelfManagement/CustomerSelfEmpowered/CustomerSelfEmpowered/searchServiceRequestTypeEntities">
            <sear:id>30746</sear:id>
            <sear:description>DEXSUPTEC-193</sear:description>
         </sear:serviceRequestType>
         <sear:serviceRequestType xmlns:sear="http://www.gvt.com.br/CustomerManagement/CustomerSelfManagement/CustomerSelfEmpowered/CustomerSelfEmpowered/searchServiceRequestTypeEntities">
            <sear:id>30748</sear:id>
            <sear:description>DEXSUPTEC-194</sear:description>
         </sear:serviceRequestType>
         <sear:serviceRequestType xmlns:sear="http://www.gvt.com.br/CustomerManagement/CustomerSelfManagement/CustomerSelfEmpowered/CustomerSelfEmpowered/searchServiceRequestTypeEntities">
            <sear:id>30750</sear:id>
            <sear:description>DEXSUPTEC-195</sear:description>
         </sear:serviceRequestType>
         <sear:serviceRequestType xmlns:sear="http://www.gvt.com.br/CustomerManagement/CustomerSelfManagement/CustomerSelfEmpowered/CustomerSelfEmpowered/searchServiceRequestTypeEntities">
            <sear:id>30741</sear:id>
            <sear:description>Telefone Fixo Mudo2</sear:description>
         </sear:serviceRequestType>
         <sear:serviceRequestType xmlns:sear="http://www.gvt.com.br/CustomerManagement/CustomerSelfManagement/CustomerSelfEmpowered/CustomerSelfEmpowered/searchServiceRequestTypeEntities">
            <sear:id>30738</sear:id>
            <sear:description>DEX_128</sear:description>
         </sear:serviceRequestType>
         <sear:serviceRequestType xmlns:sear="http://www.gvt.com.br/CustomerManagement/CustomerSelfManagement/CustomerSelfEmpowered/CustomerSelfEmpowered/searchServiceRequestTypeEntities">
            <sear:id>30740</sear:id>
            <sear:description>DEX_181</sear:description>
         </sear:serviceRequestType>
      </cus:searchServiceRequestTypeOut>
   </S:Body>
</soapenv:Envelope>]]></con:responseContent><con:wsaConfig mustUnderstand="NONE" version="200508" action="http://www.gvt.com.br/CustomerManagement/CustomerSelfManagement/CustomerSelfEmpowered/CustomerSelfEmpowered/searchServiceRequestType"/></con:response><con:response name="ResponseError" id="0da588dd-78b3-47d0-be5c-e6e49b2479df" httpResponseStatus="500" encoding="UTF-8"><con:settings/><con:responseContent><![CDATA[<soapenv:Envelope xmlns:soapenv="http://schemas.xmlsoap.org/soap/envelope/">
   <S:Body xmlns:S="http://schemas.xmlsoap.org/soap/envelope/">
      <S:Fault>
         <faultcode>soap-env:Server</faultcode>
         <faultstring>Error in operation : searchServiceRequestType</faultstring>
         <faultactor>/CustomerManagement/CustomerSelfManagement/CustomerSelfEmpowered/CustomerSelfEmpowered</faultactor>
         <detail>
            <gvt:gvtBusinessServiceResponseFault xmlns:gvt="http://www.gvt.com.br/GvtCommonEntities">
               <gvt:gvtBusinessServiceResponse>
                  <gvt:responseStatus>FATAL_ERROR</gvt:responseStatus>
                  <gvt:messages>
                     <gvt:description>Internal Server Error</gvt:description>
                     <gvt:statusCode>3</gvt:statusCode>
                     <gvt:statusDetail>Ocorreu um erro ao chamar o TipificacaoWs</gvt:statusDetail>
                     <gvt:system>TipificacaoWs</gvt:system>
                  </gvt:messages>
               </gvt:gvtBusinessServiceResponse>
            </gvt:gvtBusinessServiceResponseFault>
         </detail>
      </S:Fault>
   </S:Body>
</soapenv:Envelope>]]></con:responseContent><con:wsaConfig mustUnderstand="NONE" version="200508" action="http://www.gvt.com.br/CustomerManagement/CustomerSelfManagement/CustomerSelfEmpowered/CustomerSelfEmpowered/searchServiceRequestType"/></con:response><con:dispatchConfig/></con:mockOperation><con:mockOperation name="generateBusinessInteraction" id="577a5751-2850-4c64-ab56-c7c021710a01" interface="CustomerSelfEmpoweredSOAP" operation="generateBusinessInteraction"><con:settings/><con:defaultResponse>Response 1</con:defaultResponse><con:dispatchStyle>SEQUENCE</con:dispatchStyle><con:response name="Response" id="aadab1ab-a2a0-4e7f-b6e1-7a9892ff06dd" httpResponseStatus="200" encoding="UTF-8"><con:settings/><con:responseContent><![CDATA[<soapenv:Envelope xmlns:soapenv="http://schemas.xmlsoap.org/soap/envelope/">
   <S:Body xmlns:S="http://schemas.xmlsoap.org/soap/envelope/">
      <cus:generateBusinessInteractionOut xmlns:cus="http://www.gvt.com.br/CustomerManagement/CustomerSelfManagement/CustomerSelfEmpowered/CustomerSelfEmpowered/">
         <gen:businessInteraction xmlns:gen="http://www.gvt.com.br/CustomerManagement/CustomerSelfManagement/CustomerSelfEmpowered/CustomerSelfEmpowered/generateBusinessInteractionEntities">
            <gen:ID>61e6007fe5b4f03430a7ec1c672bd2a5</gen:ID>
         </gen:businessInteraction>
      </cus:generateBusinessInteractionOut>
   </S:Body>
</soapenv:Envelope>]]></con:responseContent><con:wsaConfig mustUnderstand="NONE" version="200508" action="http://www.gvt.com.br/CustomerManagement/CustomerSelfManagement/CustomerSelfEmpowered/CustomerSelfEmpowered/generateBusinessInteraction"/></con:response><con:dispatchConfig/></con:mockOperation></con:mockService><con:properties/><con:wssContainer/><con:oAuth2ProfileContainer/><con:sensitiveInformation/></con:soapui-project>